Id,TagName
"1",".net"
"2","html"
"3","javascript"
"4","css"
"5","php"
"8","c"
"9","c#"
"10","c++"
"12","ruby"
"16","python"
"17","java"
"18","regex"
"19","xml"
"21","mysql"
"22","sql"
"27","browser"
"30","database"
"34","unix"
"35","sockets"
"38","flex"
"48","architecture"
"49","forms"
"53","eclipse"
"57","air"
"58","linux"
"61","memory"
"63","svn"
"64","windows"
"66","navigation"
"73","csv"
"76","compression"
"80","apache"
"82","media"
"83","embed"
"88","youtube"
"90","pdf"
"96","asp.net"
"97","migration"
"113","music"
"114","arrays"
"115","tags"
"116","cloud"
"118","delphi"
"119","git"
"121","sqlite"
"129","opengl"
"134","sorting"
"136","security"
"137","oop"
"139","string"
"146","email"
"148","generics"
"154","iphone"
"174","design"
"176","beta"
"178","crash"
"183","authentication"
"186","testing"
"190","deployment"
"197","random"
"201","api"
"219","encryption"
"242","mapping"
"248","algorithm"
"259","math"
"261","ftp"
"267","keyboard"
"271","documentation"
"276","variables"
"277","debugging"
"279","unicode"
"281","connection"
"290","twitter"
"292","cookies"
"299","flash"
"309","3d"
"314","size"
"316","ocr"
"317","indexing"
"321","malloc"
"330","safari"
"342","queue"
"348","audio"
"355","validation"
"359","permissions"
"360","parameters"
"361","methods"
"363","ajax"
"364","rest"
"365","url"
"367","syntax"
"369","osx"
"373","favicon"
"382","wordpress"
"390","shell"
"391","terminal"
"393","usb"
"403","profile"
"418","free"
"421","environment"
"422","workspace"
"432","import"
"444","model-view-controller"
"450","macros"
"451","double"
"452","int"
"458","tdd"
"459","rss"
"469","checkbox"
"470","asp.net-mvc"
"485","bdd"
"487","build-automation"
"488","console"
"506","graphics"
"511","concurrency"
"517","treeview"
"519","video"
"520","streaming"
"521","payment"
"524","clipboard"
"536","hosting"
"539","data"
"552","mono"
"560","rgb"
"562","turkish"
"581","hash"
"598","performance"
"602","settings"
"604","teamcity"
"607",".htaccess"
"633","vpn"
"640","maps"
"641","ssl"
"642","https"
"643","iframe"
"647","orm"
"658","upload"
"669","sharepoint"
"681","64bit"
"688","session"
"694","null"
"696","profiler"
"717","merge"
"725","configuration"
"742","mobile"
"743","sms"
"752","wcf"
"759","sdk"
"760","proxy"
"792","xmp"
"794","networking"
"820","jquery"
"829","events"
"833","height"
"834","schema"
"838","wireless"
"852","resources"
"853","hook"
"854","matlab"
"861","standards"
"862","layout"
"865","user-interface"
"868","gwt"
"869","charts"
"881","zip"
"904","post"
"905","html5"
"908","xcode"
"916","fonts"
"926","inheritance"
"938","linker"
"942","logging"
"964","customization"
"965","plugins"
"978","outlook"
"980","gmail"
"982","timezone"
"984","google-app-engine"
"994","cocoa"
"995","notifications"
"1000","junit"
"1001","testng"
"1004","icons"
"1011","base64"
"1014","scaling"
"1018","lua"
"1023","code-reuse"
"1024","singleton"
"1030","shader"
"1033","mp3"
"1034","mp4"
"1065","animation"
"1066","continuous-integration"
"1074","webserver"
"1080","geometry"
"1083","primes"
"1104","selenium"
"1117","xaml"
"1124","encoding"
"1125","serialization"
"1158","qt"
"1177","tabs"
"1180","enterprise"
"1190","redirect"
"1198","f#"
"1201","routing"
"1205","alert"
"1206","storage"
"1208","controls"
"1231","command-line"
"1241","adobe"
"1258","camera"
"1263","datetime"
"1292","static"
"1294","quickbooks"
"1299","monitoring"
"1326","svg"
"1337","hidden"
"1357","parsing"
"1362","automation"
"1364","containers"
"1372","gps"
"1378","pagination"
"1381","multithreading"
"1383","png"
"1386","android"
"1390","buffer"
"1391","hex"
"1398","curve"
"1412","voip"
"1435","cocoa-touch"
"1446","licensing"
"1461","drawing"
"1469","text"
"1470","label"
"1477","gcc"
"1481","battery"
"1485","swap"
"1507","persistence"
"1508","json"
"1531","constructor"
"1533","delegates"
"1547","porting"
"1554","curl"
"1568","analytics"
"1575","share"
"1576","acl"
"1583","listview"
"1585","jpeg"
"1597","location"
"1605","profiling"
"1608","soap"
"1617","struct"
"1644","dom"
"1646","scroll"
"1647","callstack"
"1649","components"
"1652","synchronization"
"1680","closures"
"1695","database-design"
"1702","boost"
"1716","warnings"
"1720","opencv"
"1726","textures"
"1735","context"
"1742","jit"
"1747","nunit"
"1763","caching"
"1776","speech-recognition"
"1783","build-process"
"1784","pdf-generation"
"1787","rendering"
"1790","automated-tests"
"1796","command"
"1816","preprocessor"
"1817","frameworks"
"1819","google-maps"
"1834","dictionary"
"1863","message"
"1903","entity"
"1921","locale"
"1923","pcre"
"1926","types"
"1931","unit-testing"
"1951","encode"
"1997","assert"
"2027","pointers"
"2051","authorization"
"2054","integer"
"2095","expression"
"2109","transition"
"2125","override"
"2162","offline"
"2167","memory-leaks"
"2171","rtf"
"2177","timestamp"
"2179","checksum"
"2218","facebook"
"2274","main"
"2293","apple"
"2314","loops"
"2358","md5"
"2361","translation"
"2387","cryptography"
"2404","annotations"
"2426","wikipedia"
"2433","design-patterns"
"2441","assemblies"
"2443","asynchronous"
"2475","openstack-swift"
"2481","signals"
"2512","calendar"
"2531","for-loop"
"2548","udp"
"2553","schedule"
"2556","functional-programming"
"2579","web-services"
"2595","webkit"
"2603","screenshot"
"2606","filtering"
"2616","overlay"
"2669","bundle"
"2678","memory-management"
"2681","network-programming"
"2699","mamp"
"2702","timeout"
"2709","gradient"
"2713","simulator"
"2718","gsm"
"2753","dynamic-cast"
"2754","casting"
"2773","if-statement"
"2775","dependency-injection"
"2780","localization"
"2794","textarea"
"2827","background"
"2833","drag-and-drop"
"2848","boolean"
"2873","prototype"
"2888","tcp"
"2900","smtp"
"2904","2d"
"2907","drm"
"2929","tesseract"
"2939","resize"
"2983","content-type"
"3039","diskspace"
"3042","flickr"
"3270","chat"
"3280","routes"
"3282","xmpp"
"3285","cross-platform"
"3314","sql-injection"
"3326","position"
"3381","system-sounds"
"3390","landscape"
"3391","portrait"
"3421","google-analytics"
"3439","interaction"
"3452","lint"
"3466","raytracing"
"3470","vcard"
"3496","numbers"
"3512","datasource"
"3550","transactions"
"3556","field"
"3586","exception-handling"
"3594","bonjour"
"3600","google-chrome"
"3615","artificial-intelligence"
"3703","exif"
"3766","ipc"
"3794","metadata"
"3847","ffmpeg"
"3849","module"
"3851","invisible"
"3854","login"
"3871","gpl"
"3881","global"
"3883","blob"
"3922","webdav"
"3939","delete"
"3952","blackberry"
"3976","updating"
"3981","runtime-error"
"3988","codeigniter"
"3995","get"
"4037","signal-processing"
"4039","store"
"4063","interactive"
"4064","blowfish"
"4065","rsa"
"4071","core-animation"
"4083","itunesconnect"
"4087","compiler-errors"
"4183","focus"
"4192","scheduling"
"4209","file-upload"
"4236","push"
"4243","release"
"4323","itunes"
"4356","remote-debugging"
"4366","lazy-loading"
"4367","paypal"
"4387","decode"
"4414","communication"
"4431","submission"
"4446","web-applications"
"4462","protocols"
"4469","data-visualization"
"4495","user-experience"
"4506","canvas"
"4545","compilation"
"4584","initialization"
"4630","sync"
"4635","views"
"4645","ldap"
"4682","autocomplete"
"4686","pop"
"4697","editing"
"4823","downloading"
"4883","photo"
"4898","properties"
"4925","data-storage"
"4951","qr-code"
"4961","resolution"
"4984","ruby-on-rails"
"4985","image"
"5002","date"
"5004","binaryfiles"
"5014","bytearray"
"5029","interface"
"5036","reference"
"5052","menu"
"5062","header"
"5088","render"
"5091","file-sharing"
"5097","openfire"
"5098","copy-paste"
"5117","bluetooth"
"5133","breakpoints"
"5142","exception"
"5143","exc-bad-access"
"5146","arrows"
"5151","constraints"
"5171","fft"
"5187","class"
"5210","http"
"5214","transform"
"5223","constants"
"5253","credit-card"
"5254","sign"
"5263","core-data"
"5276","inputstream"
"5277","outputstream"
"5290","x86-64"
"5310","file"
"5340","center"
"5356","weak-references"
"5381","mach-o"
"5382","graph"
"5480","ads"
"5486","input"
"5558","tap"
"5569","function"
"5584","opengl-es"
"5600","distribution"
"5609","real-time"
"5614","modal-dialog"
"5647","build"
"5655","response"
"5664","backend"
"5672","imagemap"
"5766","undo"
"5769","oauth"
"5827","numeric"
"5850","registration"
"5851","color-picker"
"5852","vector"
"5868","view"
"5871","operator-overloading"
"5904","core-graphics"
"5909","timer"
"5948","arduino"
"5951","snapshot"
"5953","code-signing"
"5954","certificate"
"5962","github"
"5987","mask"
"5992","global-variables"
"5996","localhost"
"5998","utc"
"6022","crop"
"6023","zoom"
"6061","glassfish"
"6067","character"
"6092","microphone"
"6108","linechart"
"6205","unique"
"6225","interrupt"
"6234","video-capture"
"6238","distance"
"6254","splash-screen"
"6267","core"
"6268","path"
"6331","block"
"6367","sass"
"6383","sandbox"
"6439","colors"
"6445","parental-control"
"6458","frequency"
"6480","loading"
"6557","bitmap"
"6569","eula"
"6605","nginx"
"6621","user"
"6623","sip"
"6691","mocking"
"6716","widget"
"6728","aes"
"6766","software-design"
"6824","user-testing"
"6828","dynamic"
"6836","renderer"
"6906","volume"
"6923","local"
"6941","image-processing"
"6957","glsl"
"6963","subclass"
"6981","object"
"7003","objective-c"
"7028","naming-conventions"
"7046","barcode"
"7060","progress"
"7074","hud"
"7075","css-position"
"7107","blur"
"7130","click"
"7132","serversocket"
"7158","callback"
"7178","monitor"
"7250","multipart"
"7251","form-data"
"7281","collision-detection"
"7302","vlc"
"7305","datepicker"
"7319","fullscreen"
"7330","repository"
"7346","popup"
"7353","strip"
"7358","instant-messaging"
"7397","salesforce"
"7405","datastore"
"7411","authorize.net"
"7457","startup"
"7474","sharing"
"7475","3rd-party-library"
"7496","google-api"
"7511","autotools"
"7513","tornado"
"7567","accessor"
"7612","legacy-code"
"7652","broadcast"
"7735","rating"
"7748","parent"
"7768","red5"
"7842","manager"
"7850","define"
"7865","security-testing"
"7917","slider"
"7986","toolbar"
"8023","urlencode"
"8071","filesize"
"8097","subquery"
"8109","download"
"8112","overflow"
"8177","connectivity"
"8192","remote-access"
"8257","stream"
"8279","heroku"
"8337","bitbucket"
"8393","httpresponse"
"8403","rotation"
"8440","keychain"
"8448","fade"
"8503","nsurl"
"8584","c99"
"8615","sensor"
"8627","device"
"8632","call"
"8721","self"
"8762","bitmask"
"8814","provisioning"
"8822","cmake"
"8852","crt"
"8853","initializer"
"8898","observers"
"8944","utf-8"
"8987","out"
"9002","button"
"9019","multilanguage"
"9034","wrap"
"9059","wcag"
"9116","highlight"
"9129","preloader"
"9132","alignment"
"9155","custom-controls"
"9282","padding"
"9289","ui-testing"
"9290","back-button"
"9313","line-breaks"
"9325","line"
"9432","player"
"9447","feed"
"9506","sprite"
"9533","parent-child"
"9581","save"
"9654","unity"
"9657","nsdictionary"
"9684","hierarchy"
"9723","esri"
"9741","accelerometer"
"9905","core-audio"
"9921","request"
"9926","labels"
"9942","arcgis"
"9952","virtual-machine"
"9964","database-migration"
"9983","rtmp"
"9993","syntax-error"
"10042","image-gallery"
"10052","filter"
"10053","core-image"
"10073","func"
"10075","security-framework"
"10218","delay"
"10238","adhoc"
"10261","footer"
"10306","image-uploading"
"10355","parameter-passing"
"10358","cell"
"10447","nat"
"10467","launchd"
"10488","banner"
"10533","proximity"
"10539","crash-reports"
"10580","geolocation"
"10593","hyperlink"
"10606","buffer-overflow"
"10690","emoticons"
"10850","llvm"
"10851","clang"
"10946","token"
"11212","identifier"
"11215","event-handling"
"11282","cross-compiling"
"11286","high-resolution"
"11357","rssi"
"11373","interface-builder"
"11402","word"
"11409","nsdate"
"11423","draggable"
"11443","mobile-safari"
"11444","amazon-s3"
"11479","synchronous"
"11564","machine-code"
"11643","sigsegv"
"11685","youtube-api"
"11693","linker-error"
"11706","stack-trace"
"11778","url-scheme"
"11807","linkedin"
"11822","review"
"11987","frame"
"11997","dylib"
"12048","antialiasing"
"12067","photos"
"12126","reload"
"12172","keep-alive"
"12193","internationalization"
"12270","picker"
"12280","javascript-events"
"12296","layer"
"12381","datamodel"
"12419","httprequest"
"12453","screen-capture"
"12480","stability"
"12493","bad-request"
"12513","contact"
"12523","appsettings"
"12658","character-encoding"
"12669","prefix"
"12689","back"
"12692","interstitial"
"12725","special-characters"
"12772","font-size"
"12828","backtrace"
"12892","xcodebuild"
"13003","key-value"
"13094","statusbar"
"13186","webarchive"
"13259","info.plist"
"13283","path-finding"
"13291","duplicate-entry"
"13326","launch"
"13420","repeat"
"13442","symbol"
"13445","ejabberd"
"13528","uidatepicker"
"13619","static-libraries"
"13733","social-networking"
"13829","thread-safety"
"13886","infinite-loop"
"13892","sha256"
"13898","selection"
"13907","encryption-asymmetric"
"13930","scale"
"13997","inline-assembly"
"14007","pcm"
"14012","actionscript-3"
"14036","variable-assignment"
"14071","client-certificates"
"14158","azure"
"14254","nslayoutmanager"
"14289","toggle"
"14395","rate"
"14423","ssl-certificate"
"14550","foreground"
"14653","contenteditable"
"14825","populate"
"14829","autorelease"
"14860","plist"
"14972","audio-recording"
"14989","third-party"
"15003","rtsp"
"15115","openvpn"
"15128","boolean-expression"
"15257","iphone-web-app"
"15292","background-process"
"15398","send"
"15488","release-management"
"15505","shapes"
"15536","rounded-corners"
"15578","draw"
"15605","transfer"
"15669","dyld"
"15682","text-styling"
"15686","multi-touch"
"15735","downcasting"
"15789","core-api"
"15790","objective-c-runtime"
"15796","selector"
"15798","ipod-touch"
"15929","filepath"
"15934","key-value-observing"
"16022","aol"
"16060","speech-synthesis"
"16070","ifstream"
"16157","touch"
"16332","touchjson"
"16383","uinavigationbar"
"16394","pre-compilation"
"16556","spacing"
"16630","relationship"
"16727","payload"
"16735","authenticode"
"16817","contacts"
"16820","subview"
"16927","html-parsing"
"17071","discovery"
"17129","speex"
"17130","scrollview"
"17213","instruments"
"17228","epson"
"17340","objective-c++"
"17460","event-bubbling"
"17496","alphabet"
"17509","phone-number"
"17533","storyboard"
"17650","dropbox"
"17696","target"
"17713","quaternions"
"17897","dynamic-typing"
"17922","playback"
"18056","terrain"
"18064","textfield"
"18088","zk"
"18111","cornerradius"
"18128","jailbreak"
"18320","tablet"
"18348","compiler-warnings"
"18541","opticalflow"
"18550","cs193p"
"18598","radial-gradients"
"18601","reusability"
"18680","alpha-transparency"
"18700","zooming"
"18830","virtual-memory"
"18852","httpcookie"
"18883","file-transfer"
"18925","core-foundation"
"18929","css3"
"18967","protocol-buffers"
"19014","recaptcha"
"19247","man-in-the-middle"
"19257","jwplayer"
"19292","segmentation-fault"
"19432","nested-loops"
"19469","equivalence"
"19625","slide"
"19643","dlopen"
"19679","libtool"
"19723","tabbar"
"19837","ms-query"
"19885","brightness"
"19894","mediator"
"20098","mpmovieplayercontroller"
"20109","asyncsocket"
"20127","photolibrary"
"20194","cucumber"
"20301","latitude-longitude"
"20344","nstask"
"20534","visible"
"20573","titanium"
"20604","particles"
"20711","switch-statement"
"21030","computer-vision"
"21111","uibutton"
"21123","hyphenation"
"21398","avfoundation"
"21556","relation"
"21754","face-detection"
"21772","textview"
"21797","deep-linking"
"22027","flip"
"22109","aggregation"
"22211","api-key"
"22217","panoramas"
"22238","realm"
"22279","video-streaming"
"22347","protobuf-net"
"22387","background-service"
"22597","iphone-developer-program"
"22606","uiwebview"
"22658","core-location"
"22747","nsuserdefaults"
"22748","nscoding"
"22753","uitabbarcontroller"
"22835","orientation"
"22905","webview"
"23087","uitableview"
"23108","transitions"
"23139","calayer"
"23271","nsnumber"
"23358","collision"
"23482","nsnotifications"
"23577","nsstring"
"23719","ocmock"
"23967","region"
"24006","quartz-graphics"
"24039","direction"
"24053","multi-select"
"24214","vga"
"24227","one-time-password"
"24284","uisegmentedcontrol"
"24342","bitrate"
"24384","uiscrollview"
"24386","spotify"
"24620","mobile-application"
"24639","optional"
"24651","audioqueueservices"
"24726","b2b"
"24817","uipickerview"
"24852","coordinates"
"24882","xib"
"24897","voice-recording"
"25209","barcode-scanner"
"25219","uitextfield"
"25322","image-rotation"
"25351","horizontal-scrolling"
"25430","multidimensional-array"
"25463","nstimer"
"25482","uitextview"
"25549","uitoolbar"
"25803","box2d"
"25859","adobe-reader"
"25863","uiviewcontroller"
"25902","uikit"
"25960","nsurlconnection"
"25967","circle"
"25975","smpp"
"26050","uiview"
"26084","uiimageview"
"26330","ui-automation"
"26382","foundation"
"26434","gesture"
"26454","homescreen"
"26533","popover"
"26710","uiimagepickercontroller"
"26711","uiimage"
"26887","hiding"
"26926","retain"
"26975","nsattributedstring"
"26982","game-engine"
"26995","tumblr"
"27052","openframeworks"
"27077","image-caching"
"27132","nsxmlparser"
"27232","public-key-encryption"
"27249","nil"
"27365","nsmutablearray"
"27403","chipmunk"
"27472","screen-resolution"
"27544","mobile-website"
"27630","playlist"
"27721","photo-gallery"
"27758","uinavigationcontroller"
"27801","drag"
"27880","dealloc"
"27890","nskeyedarchiver"
"27969","rabbitmq"
"28020","uibarbuttonitem"
"28129","app-store"
"28154","motion"
"28271","encryption-symmetric"
"28307","separator"
"28400","cgcontext"
"28409","animated"
"28422","cgbitmapcontext"
"28432","cgimage"
"28511","unity3d"
"28647","email-attachments"
"28649","uilabel"
"28655","sqlite3"
"28697","itunes-store"
"28709","chatroom"
"28865","nsinputstream"
"28949","cocos2d-iphone"
"29038","uicolor"
"29208","viewdidload"
"29338","ambiguous"
"29629","nsoperation"
"29637","uiwindow"
"29696","magnetometer"
"29713","nib"
"29721","addressbook"
"29733","nsdata"
"29782","uisearchbar"
"29786","nsarray"
"29811","appkit"
"29881","nsdateformatter"
"29977","fmdb"
"30017","nssortdescriptor"
"30073","mongodb"
"30341","media-player"
"30365","nsobject"
"30525","cgbitmapcontextcreate"
"30563","request-headers"
"30849","category"
"30851","background-foreground"
"30854","avaudioplayer"
"30868","augmented-reality"
"30967","openstreetmap"
"31186","tableview"
"31284","imagenamed"
"31342","custom-cell"
"31565","asymmetric"
"31765","distortion"
"31784","beta-testing"
"31860","nsfilemanager"
"31974","autoresize"
"32307","gradle"
"32391","appcelerator"
"32523","render-to-texture"
"32580","nsstream"
"32643","32bit-64bit"
"32696","cfnetwork"
"32700","drawrect"
"32875","uitabbaritem"
"32884","push-notification"
"32902","uiprogressview"
"32921","avaudiorecorder"
"32980","custom-view"
"32998","reactive-programming"
"33058","mapkit"
"33093","h.264"
"33118","nstextattachment"
"33177","uialertview"
"33205","uipagecontrol"
"33212","storekit"
"33280","web-inspector"
"33328","asihttprequest"
"33380","in-app-purchase"
"33386","nstimezone"
"33388","amazon-web-services"
"33459","persistent-connection"
"33483","percentile"
"33527","braintree"
"33551","nscalendar"
"33552","nsdatecomponents"
"33556","didselectrowatindexpath"
"33562","bing-maps"
"33596","navigator"
"33603","uislider"
"33613","gamekit"
"33634","cocoa-bindings"
"33672","nsmutabledictionary"
"33718","user-roles"
"33878","hittest"
"33953","visual-studio"
"34042","sender"
"34052","uitabbar"
"34097","screen-orientation"
"34245","uifont"
"34295","ota"
"34406","stringwithformat"
"34528","undefined-symbol"
"34630","fatal-error"
"34703","relationships"
"34902","clang-static-analyzer"
"34970","rightbarbuttonitem"
"35080","nstimeinterval"
"35109","i386"
"35190","code-snippets"
"35203","monotouch"
"35266","cabasicanimation"
"35332","aot"
"35346","nspredicate"
"35475","didreceivememorywarning"
"35492","swipe"
"35558","code-signing-certificate"
"35585","headphones"
"35600","wifi"
"35607","nsdecimalnumber"
"35662","uiapplication"
"35676","mkpinannotationview"
"35686","uipasteboard"
"35979","nsindexpath"
"36024","uiaccelerometer"
"36034","entitlements"
"36296","core-plot"
"36336","webgl"
"36492","uinavigationitem"
"36515","nserror"
"36601","objective-c-2.0"
"36660","nsurlrequest"
"36670","nsthread"
"36742","uisearchdisplaycontroller"
"36875","fast-enumeration"
"36914","libraries"
"36983","nsbundle"
"37025","mpmovieplayer"
"37029","apple-push-notifications"
"37123","cashapelayer"
"37299","amazon-simpledb"
"37395","uicontrol"
"37495","nsfetchedresultscontrolle"
"37565","game-physics"
"37708","mfmailcomposeviewcontroll"
"37735","uiswitch"
"37775","bounds"
"37866","uiactivityindicatorview"
"37872","nsoperationqueue"
"37944","missing-data"
"38042","uiapplicationdelegate"
"38216","quartz-2d"
"38354","paypal-sandbox"
"38396","grand-central-dispatch"
"38476","codesign"
"38481","nsviewcontroller"
"38562","uikeyboard"
"38665","nsfetchrequest"
"38731","drawer"
"38841","reachability"
"38931","udid"
"38948","mkmapview"
"39132","artwork"
"39183","control-flow"
"39308","google-maps-api-3"
"39404","scene"
"39571","uipickerviewcontroller"
"39596","viewcontroller"
"39605","mpmediapickercontroller"
"39731","lockscreen"
"39760","symbolicate"
"39768","viewdidappear"
"39870","popviewcontroller"
"40128","openurl"
"40273","uiactionsheet"
"40281","contact-list"
"40291","nscopying"
"40321","email-verification"
"40404","uiimagejpegrepresentation"
"40418","memory-pressure"
"40437","crash-log"
"40536","appstore-approval"
"40550","data-persistence"
"40602","println"
"40620","autosuggest"
"40768","websocket"
"40785","openerp"
"40852","task-parallel-library"
"40895","tic-tac-toe"
"40955","cgaffinetransform"
"41056","mobile-browser"
"41082","delete-row"
"41091","marker"
"41127","maven"
"41486","google-maps-markers"
"41976","uiscrollviewdelegate"
"41999","pjsip"
"42082","mpmusicplayercontroller"
"42124","neon"
"42181","x509"
"42355","abaddressbook"
"42475","zxing"
"42499","core-video"
"42676","http-headers"
"42801","coordinate"
"42950","fabric"
"43000","centering"
"43192","nsexception"
"43253","nsnotification"
"43324","cocoa-design-patterns"
"43363","cllocationmanager"
"43394","navigationcontroller"
"43412","pushviewcontroller"
"43421","correlation"
"43766","abpeoplepickerview"
"43810","uisearchbardelegate"
"44114","data-loss"
"44227","beizer"
"44284","cgpath"
"44546","linear-interpolation"
"44666","uisearchbardisplaycontrol"
"44714","uiprogressbar"
"44720","clickable"
"44953","urbanairship.com"
"44954","devicetoken"
"45272","local-storage"
"45279","sigabrt"
"45702","live-streaming"
"46343","load-data-infile"
"46359","autofocus"
"46402","youtube-channels"
"46426","node.js"
"46440","nsnotificationcenter"
"46564","admob"
"46646","nsundomanager"
"46779","adobe-analytics"
"46810","wheel"
"46816","lame"
"46975","fluid-layout"
"47058","sectionheader"
"47192","core-data-migration"
"47193","uibuttonbaritem"
"47219","for-in-loop"
"47563","mkannotation"
"47701","uianimation"
"47826","nsurlcache"
"47855","nsmutablestring"
"47924","locationmanager"
"47996","external-accessory"
"48033","collectionview"
"48056","iboutlet"
"48087","translucency"
"48179","nsurlprotocol"
"48572","ipad"
"48596","reuseidentifier"
"48608","external-display"
"48628","uisplitview"
"48629","uisplitviewcontroller"
"48652","imageview"
"48749","nsmanagedobject"
"48898","cllocation"
"49536","ibaction"
"50018","audio-converter"
"50103","html-parser"
"50300","navigationbar"
"50410","dismiss"
"50749","symbolicatecrash"
"50828","nsnetservice"
"51052","nsmanagedobjectcontext"
"51250","touchesbegan"
"51472","contentmode"
"51601","objectify"
"51703","twilio"
"51740","char-pointer"
"51919","localizable.strings"
"52003","touches"
"52091","addsubview"
"52124","fragment-shader"
"52279","arc4random"
"52493","imageurl"
"52541","uipopovercontroller"
"52688","mkannotationview"
"52756","uitextviewdelegate"
"52938","uigesturerecognizer"
"53000","http-live-streaming"
"53095","uiinterfaceorientation"
"53110","autorotate"
"53210","becomefirstresponder"
"53215","custom-font"
"53233","android-layout"
"53303","audiotoolbox"
"53304","audioqueue"
"53605","pixel-manipulation"
"53669","html5-video"
"53901","screen-size"
"53930","reloaddata"
"53979","mdm"
"54414","caanimation"
"54451","modalviewcontroller"
"54525","userlocation"
"54544","core-text"
"54930","cgpoint"
"55188","qml"
"55200","base-sdk"
"55478","ion"
"55545","libvlc"
"55733","facebook-like"
"55741","uipicker"
"55749","music-player"
"55778","audiounit"
"56158","overlapping"
"56316","armv7"
"56398","presentmodalviewcontrolle"
"56438","ad-hoc-distribution"
"56537","target-action"
"56604","wowza"
"56940","hpple"
"56957","facebook-graph-api"
"56961","uiviewanimation"
"56962","uiviewanimationtransition"
"57089","dft"
"57129","coffeescript"
"57616","tableviewcell"
"57650","accessoryview"
"57866","nslocalizedstring"
"58027","tintcolor"
"58082","flurry"
"58149","access-token"
"58255","core-media"
"58307","appcelerator-mobile"
"58336","safari-extension"
"58338","ios"
"58350","google-geocoder"
"58479","searchbar"
"58679","oauth-2.0"
"58758","iad"
"58935","objective-c-blocks"
"59047","python-2.7"
"59186","beautify"
"59464","html5-audio"
"59474","game-center"
"59641","unrecognized-selector"
"59645","mime-types"
"59683","right-justified"
"59704","xcode4"
"59817","windows-phone"
"59890","avcapturesession"
"59891","avcapturedevice"
"59916","media-queries"
"59982","uistatusbar"
"60068","localnotification"
"60082","nsscanner"
"60135","netty"
"60253","directions"
"60442","android-lifecycle"
"60483","jquery-mobile"
"60525","eventkit"
"60529","emoji"
"60543","autoresizingmask"
"60629","kext"
"60910","twitter-oauth"
"60931","route-me"
"61207","soundcloud"
"61294","layoutsubviews"
"61338","uilocalnotification"
"61429","avassetwriter"
"61438","voiceover"
"61492","uiwebviewdelegate"
"61517","application-loader"
"61596","objective-c-category"
"61625","promotion-code"
"61631","qlpreviewcontroller"
"62074","requirejs"
"62189","nslocale"
"62241","avaudiosession"
"62392","facebook-javascript-sdk"
"62498","detailtextlabel"
"62547","nsrange"
"62686","opengl-es-2.0"
"62722","rootview"
"62730","cakephp-2.0"
"62999","cadisplaylink"
"63134","yahoo-api"
"63195","avplayer"
"63376","assign"
"63381","flashlight"
"63495","airprint"
"63538","accelerate-framework"
"63613","avmutablecomposition"
"63670","avvideocomposition"
"63837","tabview"
"63940","text-justify"
"64025","gyroscope"
"64187","alasset"
"64235","phpfox"
"64273","xmppframework"
"64274","dynamictype"
"64326","imagedownload"
"64597","writetofile"
"64834","lldb"
"64900","jasmine"
"64974","dropbox-api"
"64999","jenkins"
"65018","core-motion"
"65120","apple-radar"
"65127","socket.io"
"65185","abrecordref"
"65318","settings.bundle"
"65457","facebook-php-sdk"
"65482","uidocumentinteraction"
"65544","corona"
"65674","cllocationdistance"
"65688","auto-rotation"
"65794","airplay"
"65828","uitextfielddelegate"
"65832","ios-simulator"
"66100","ipa"
"66237","infinite-scroll"
"66334","parallax"
"66382","uimodalpresentationstyle"
"66519","google-api-client"
"66617","uipopover"
"66776","provisioning-profile"
"66787","inappsettingskit"
"66813","heightforrowatindexpath"
"66851","xcode-instruments"
"66854","initwithframe"
"66866","mkoverlay"
"66941","portable-class-library"
"67309","libssh2"
"67718","office365"
"67742","google-geocoding-api"
"67910","resignfirstresponder"
"67995","hue"
"68052","mbprogresshud"
"68160","mfmailcomposer"
"68195","cgrect"
"68214","abpersonviewcontroller"
"68257","landscape-portrait"
"68549","avqueueplayer"
"68770","indexeddb"
"68804","vdsp"
"68952","addressbookui"
"68994","restkit"
"69044","alassetslibrary"
"69059","sqlcipher"
"69123","optional-values"
"69319","springboard"
"69477","uievent"
"69533","nsassert"
"69539","plcrashreporter"
"69671","uibezierpath"
"69721","ios5"
"69742","icloud"
"69749","close-application"
"69750","flipboard"
"69879","vmalloc"
"69977","instagram"
"70028","cocos2d-x"
"70100","automatic-ref-counting"
"70148","quartz-core"
"70156","xmllint"
"70235","avassetexportsession"
"70302","fbdialogs"
"70461","nsregularexpression"
"70479","responsive-design"
"70528","testflight"
"70581","asiformdatarequest"
"70707","google-plus"
"70764","cocoaasyncsocket"
"71011","uiprintpagerenderer"
"71026","audio-video-sync"
"71117","image-size"
"71125","run-script"
"71301","alertview"
"71350","titanium-mobile"
"71436","uideviceorientation"
"71616","loadnibnamed"
"71659","nsurlconnectiondelegate"
"71728","nsstringencoding"
"71803","icloud-api"
"71919","javascriptcore"
"71988","uitextinput"
"72192","leveldb"
"72240","ios-frameworks"
"72245","uiscreen"
"72257","web"
"72270","twitter-bootstrap"
"72293","auto"
"72390","c++11"
"72397","ios-universal-app"
"72417","pry"
"72489","cagradientlayer"
"72640","google-direction"
"72721","type-alias"
"72741","backbarbuttonitem"
"72744","ios-ui-automation"
"72751","jsonkit"
"72796","ekevent"
"72825","goertzel-algorithm"
"72963","auto-renewing"
"72978","callout"
"73110","signalr"
"73111","cgrectmake"
"73193","poptoviewcontroller"
"73287","afnetworking"
"73473","facebook-login"
"73668","cfsocket"
"73682","live555"
"73698","siri"
"73733","in-house-distribution"
"73817","phonegap-plugins"
"73857","glkit"
"74049","sencha-touch-2"
"74074","kvc"
"74123","travis-ci"
"74125","facebook-ios-sdk"
"74156","core-bluetooth"
"74251","adbannerview"
"74277","sdwebimage"
"74319","uitapgesturerecognizer"
"74326","strong-references"
"74414","cmsamplebufferref"
"74454","notificationcenter"
"74487","uipangesturerecognizer"
"74505","worklight"
"74514","long-integer"
"74577","uistoryboard"
"74692","google-places-api"
"74714","uipageviewcontroller"
"75063","segue"
"75068","nsinvocationoperation"
"75107","captivenetwork"
"75194","zbar-sdk"
"75283","typecasting-operator"
"75391","gcdasyncsocket"
"75438","xcode-storyboard"
"75690","uisplitviewdelegate"
"75930","geofencing"
"75957","c11"
"76006","nsjsonserialization"
"76088","paypal-adaptive-payments"
"76095","uistepper"
"76145","kivy"
"76578","amazon-dynamodb"
"76706","issuu"
"76853","pinterest"
"76864","iphone-standalone-web-app"
"76879","trello"
"76923","android-mapview"
"76947","abperson"
"76957","pusher"
"76984","pinchzoom"
"77205","uipinchgesturerecognizer"
"77446","webrtc"
"77448","texturepacker"
"77497","asp.net-web-api"
"77505","mopub"
"77578","uistoryboardsegue"
"77591","icarousel"
"77630","cmmotionmanager"
"77741","cocoapods"
"77851","autolayout"
"77865","aviary"
"77964","codenameone"
"78022","angularjs"
"78060","google-play"
"78133","personal-hotspot"
"78191","uiappearance"
"78219","avmetadataitem"
"78275","gitlab"
"78331","cordova"
"78352","osx-gatekeeper"
"78568","avplayerlayer"
"78586","uilocalizedcollation"
"78681","crittercism"
"78751","childbrowser"
"78782","google-client"
"78830","mfmessagecomposeview"
"78989","stripe-payments"
"79028","uiimagepngrepresentation"
"79030","xliff"
"79032","pubnub"
"79102","parse.com"
"79111","meteor"
"79165","nspersistentstore"
"79224","notin"
"79233","magicalrecord"
"79234","pagecontrol"
"79329","mvvmcross"
"79376","caemitterlayer"
"79417","chdropboxsync"
"79450","bluetooth-lowenergy"
"79466","firebase"
"79573","google-drive-sdk"
"79696","childviewcontroller"
"79732","single-page-application"
"79778","progress-bar"
"80035","xamarin"
"80114","nscache"
"80229","dispatch-async"
"80303","indoor-positioning-system"
"80365","contentoffset"
"80559","completionhandler"
"80581","mosync"
"80592","frank"
"80608","uiview-hierarchy"
"81094","gpuimage"
"81106","ios6"
"81374","uiedgeinsets"
"81470","thinktecture-ident-model"
"81474","windows-phone-8"
"81704","mapbox"
"81851","cifilter"
"81916","quickblox"
"81956","font-awesome"
"81960","nsdocumentdirectory"
"82010","deezer"
"82047","thinktecture-ident-server"
"82275","selenium-webdriver"
"82352","drop-down-menu"
"82562","ios-provisioning"
"82601","appdelegate"
"82679","scenekit"
"82695","mpnowplayinginfocenter"
"82698","passbook"
"82741","video.js"
"82827","flash-cs6"
"83102","retain-cycle"
"83199","cclabelttf"
"83235","google-cloud-endpoints"
"83283","cbperipheral"
"83284","cbcentralmanager"
"83329","kalman-filter"
"83747","clregion"
"83949","iphone-5"
"84109","azure-mobile-services"
"84138","windows-store-apps"
"84168","slcomposeviewcontroller"
"84169","social-framework"
"84173","mkmapitem"
"84209","dictation"
"84213","uicollectionview"
"84226","uirefreshcontrol"
"84303","nslayoutconstraint"
"84485","guided-access"
"84530","uicollectionviewcell"
"84906","visual-format-language"
"84927","uiactivityviewcontroller"
"85086","theos"
"85165","dsym"
"85220","ipad-mini"
"85541","google-tag-manager"
"85829","unityscript"
"86137","share-button"
"86279","angular-routing"
"86293","cydia-substrate"
"86343","socketrocket"
"86480","ios-enterprise"
"86615","everyplay"
"86807","google-maps-sdk-ios"
"86830","m3u8"
"86867","xamarin.mac"
"86876","calabash"
"86944","apple-maps"
"87103","mwphotobrowser"
"87470","vuforia"
"87486","uicollectionviewlayout"
"87603","rncryptor"
"87839","ocmockito"
"87865","ochamcrest"
"87959","deployd"
"87966","chartboost"
"88049","epub3"
"88093","phonegap-build"
"88152","linphone"
"88337","caemittercell"
"88382","kiwi"
"89007","angularjs-ng-repeat"
"89013","shinobi"
"89066","xamarin-studio"
"89475","uigraphicscontext"
"89582","inappbrowser"
"89614","reactive-cocoa"
"89634","vine"
"89670","hybrid-mobile-app"
"89697","safari-web-inspector"
"90056","atlassian-sourcetree"
"90077","opentok"
"90230","appium"
"90231","lipo"
"90348","itunesu"
"90372","crashlytics"
"90588","uicollectionreusableview"
"90608","ecslidingviewcontroller"
"90616","view-hierarchy"
"90758","passkit"
"90787","pull-to-refresh"
"90956","restkit-0.20"
"90971","mkpolyline"
"91705","camera-roll"
"91738","retina"
"91754","linker-flags"
"91903","google-cloud-datastore"
"91932","navigation-drawer"
"91954","swiften"
"91964","nsautolayout"
"91992","tfhpple"
"92054","jquery-mobile-select"
"92144","worklight-studio"
"92206","nsmanagedobjectmodel"
"92226","nsmutableattributedstring"
"92227","mkpointannotation"
"92348","apigee"
"92781","apple-vpp"
"92809","ios7"
"92815","xcode5"
"92859","sprite-kit"
"92907","gmsmapview"
"92978","osx-mavericks"
"93285","wechat"
"93298","nskeyedunarchiver"
"93364","visual-studio-2013"
"93367","pfrelation"
"93368","pfquery"
"93517","facebook-sdk-3.0"
"93642","titanium-alloy"
"93769","protractor"
"93785","robovm"
"93851","twitter-bootstrap-3"
"93915","origami"
"94114","skdownload"
"94130","mbtiles"
"94168","sdl-2"
"94260","pushwoosh"
"94266","cordova-3"
"94295","google-cast"
"94328","mmenu"
"94348","chromecast"
"94352","ibeacon"
"94362","prime31"
"94414","front-camera"
"94640","fbwebdialogs"
"94710","animatewithduration"
"94875","openfl"
"94981","github-mantle"
"95128","mailcore2"
"95438","facebook-unity-sdk"
"95851","touch-id"
"96042","youtube-data-api"
"96117","textkit"
"96154","xctest"
"96235","afnetworking-2"
"96236","nsurlsession"
"96261","typhoon"
"96319","skaction"
"96377","uidynamics"
"96378","uicollisionbehavior"
"96382","xcasset"
"96390","multipeer-connectivity"
"96448","skphysicsbody"
"96449","skspritenode"
"96457","uicontainerview"
"96484","control-center"
"96499","letterpress"
"96867","paypal-rest-sdk"
"96912","launchimage"
"96921","cocos2d-x-3.0"
"96981","arm64"
"97145","universal-analytics"
"97296","bundle-identifier"
"97498","sknode"
"97515","sklabelnode"
"97573","mklocalsearch"
"97605","racsignal"
"97615","ios-bluetooth"
"97644","widevine"
"97671","nsincrementalstore"
"97819","skscene"
"97820","skphysicsworld"
"97878","custom-transition"
"97962","intel-xdk"
"98034","alassetlibrary"
"98074","inputaccessoryview"
"98265","hockeyapp"
"98284","apple-id"
"98478","ibeacon-android"
"98628","skshapenode"
"98720","uicollectionviewdelegate"
"98739","fppopover"
"98990","nsurlsessiondownloadtask"
"98991","nsurlsessiontask"
"99281","peerjs"
"99412","vanilla-forums"
"99484","sktextureatlas"
"99577","tiled"
"99648","mbaas"
"99780","adal"
"99787","ios7-statusbar"
"99794","sktexture"
"99898","xctool"
"99930","presentviewcontroller"
"100064","ionic-framework"
"100246","asinetworkqueue"
"100614","spritebuilder"
"100621","bolts-framework"
"100670","nsprogress"
"100673","jstilemap"
"100913","cordova-plugins"
"101170","android-app-indexing"
"101187","uikit-dynamics"
"101302","mkmapsnapshotter"
"101364","telegram"
"101546","jbchartview"
"101559","creative-cloud"
"101630","swrevealviewcontroller"
"101906","ios7.1"
"101935","ecslidingviewcontroller-2"
"102134","exc-bad-instruction"
"102412","rdio"
"102632","openerp-8"
"102659","uidynamicanimator"
"102707","uipickerviewdelegate"
"102711","nsurlsessionuploadtask"
"102743","salesforce-ios-sdk"
"102745","masonry"
"102766","youtube-v3-api"
"102794","windows-phone-8.1"
"102848","torrent"
"102890","cocos2d-js"
"102893","uialertviewdelegate"
"102940","game-center-leaderboard"
"103068","facebook-friends"
"103159","soundjs"
"103380","onsen-ui"
"103449","podspec"
"103480","dailymotion-api"
"103593","skmaps"
"103615","facebook-pop"
"103623","programmatically-created"
"103638","ontouch"
"103818","ios-universal-framework"
"103850","siphon"
"104013","sthttprequest"
"104090","facebook-sdk-4.0"
"104575","sinch"
"104707","xamarin.forms"
"104757","rfduino"
"104770","publish-actions"
"104797","swift"
"104803","xcode6"
"104810","ios8"
"104825","uialertcontroller"
"104837","ios-app-extension"
"104841","calabash-ios"
"104866","cloudkit"
"104910","background-task"
"104940","swift-playground"
"105054","applinks"
"105074","location-services"
"105082","ios-app-group"
"105090","mmdrawercontroller"
"105118","textdocumentproxy"
"105221","wkwebview"
"105250","size-classes"
"105317","nest-api"
"105332","gcdasyncudpsocket"
"105491","usergrid"
"105554","swift-generics"
"105679","geofire"
"105684","ios-autolayout"
"105712","j2objc"
"105719","amazon-cognito"
"105812","universal-storyboard"
"105829","nativecss"
"105842","health-kit"
"105849","amslidemenu"
"105889","awsiossdk"
"105977","realm.io"
"106125","pfuser"
"106126","pfobject"
"106128","pfsubclassing"
"106182","alamofire"
"106273","cloud-code"
"106293","idfa"
"106372","cordova-facebook"
"106380","custom-keyboard"
"106423","xcode6-beta6"
"106458","powerschool"
"106462","uisearchcontroller"
"106483","flurry-analytics"
"106570","gcdwebserver"
"106592","compass"
"106617","phonertc"
"106662","passport.js"
"106739","skpsmtpmessage"
"106802","uiimageasset"
"106805","avplayeritem"
"106822","photosframework"
"106845","iphone-6"
"106849","apple-watch"
"106851","vimage"
"106853","iphone-6-plus"
"106874","adaptive-ui"
"106886","fxforms"
"106920","iphone-64bit"
"106953","xlform"
"107009","hls"
"107010","unwind-segue"
"107050","visual-studio-cordova"
"107051","photokit"
"107104","uiblureffect"
"107109","ios-keyboard-extension"
"107156","ios8-share-extension"
"107157","ios8-extension"
"107173","cocoalumberjack"
"107176","phasset"
"107211","aws-sdk"
"107236","ios8-today-widget"
"107355","scnnode"
"107396","mbcalendarkit"
"107449","clbeacon"
"107450","clbeaconregion"
"107478","ios8.1"
"107494","metal"
"107498","vrone"
"107516","uivisualeffectview"
"107528","google-analytics-sdk"
"107626","completion"
"107680","server"
"107700","applepay"
"107703","xcode6.1"
"107837","nsdocumentdirectory-ios8"
"107840","watchkit"
"107878","ios-calender"
"108087","today-extension"
"108090","swifty-json"
"108104","google-plus-signin"
"108108","flatui"
"108119","mobilefirst"
"108186","instagram-api"
"108267","nstabviewcontroller"
"108292","ios-extensions"
"108298","cbperipheralmanager"
"108309","launch-screen"
"108316","background-fetch"
"108341","xamarin-forms"
"108395","seckeyref"
"108448","nmssh"
"108479","swift-closures"
"108483","wkinterfacetable"
"108488","clcircularregion"
"108511","ionic"
"108572","sleep-mode"
"108583","rmannotation"
"108652","mobilefirst-qa"
"108697","quicktype"
"108775","uidocumentpickervc"
"108783","asyncdisplaykit"
"108833","smartface.io"
"108900","local-datastore"
"108939","parseui"
"108969","xctestexpectation"
"109089","hkobserverquery"
"109111","watchapp"
"109162","iwatch"
"109211","okta"
"109251","jscep"
"109273","backendless"
"109337","payu"
"109395","uialertaction"
"109431","seektotime"
"109493","xcode6.1.1"
"109498","monaca"
"109504","gmsgroundoverlay"
"109510","avaudioengine"
"109511","avaudiopcmbuffer"
"109519","avaudioplayernode"
"109604","xcode-6.2"
"109960","ngcordova"
"109978","ckasset"
"109985","icloud-drive"
"110099","twitter-rest-api"
"110141","swift1.2"
"110147","nsdatecomponentsformatter"
"110203","sklightnode"
"110270","the-amazing-audio-engine"
"110352","wkinterfaceimage"
"110363","video-toolbox"
"110370","odoo-8"
"110383","wkinterfacegroup"
"110388","pfimageview"
"110389","pfcollectionviewcell"
"110390","touchswipe"
"110457","xcode6.3"
"110458","armv7k"
"110467","accounts-framework"
"110498","wkinterfacelabel"
"110505","ios8.2"
"110519","goodbarber"
"110582","accessbility"